name	pool	seq	size	%gc	tm (use 65)
RRV_New_1500_1_LEFT	1	ATGACCATGCTAATGCCAGAGC	22	50.00	61.26
RRV_New_1500_1_RIGHT	1	ATTCCTGGGTGTCTCCACTACC	22	54.55	61.35
RRV_New_1500_2_LEFT	2	CGTACTCTGGAGACCGAAACGA	22	54.55	61.93
RRV_New_1500_2_RIGHT	2	ATGTTGTCATGCTCCTCTTGCC	22	50.00	61.39
RRV_New_1500_3_LEFT	1	AGGCAGAAAGTGAATGAAAACCC	23	43.48	59.93
RRV_New_1500_3_RIGHT	1	GACAACAGAGGGATGGCTACAC	22	54.55	60.86
RRV_New_1500_4_LEFT	2	ATGAATGTCATCCACGCGGTAG	22	50.00	60.98
RRV_New_1500_4_RIGHT	2	ATCAGACGAGAAGATGTACGCC	22	50.00	60.14
RRV_New_1500_5_LEFT	1	GCACCTGAAGATCTGGAGGTAC	22	54.55	60.34
RRV_New_1500_5_RIGHT	1	CAGTACACGGCATGCTATGACA	22	50.00	60.92
RRV_New_1500_6_LEFT	2	CTCGGGGTTGACCAAGAACTAC	22	54.55	60.79
RRV_New_1500_6_RIGHT	2	ACCCGAGTGACCATGTCTTTTG	22	50.00	60.99
RRV_New_1500_7_LEFT	1	GAAGGTTTACCATCCCCACAGG	22	54.55	60.80
RRV_New_1500_7_RIGHT	1	AGAGTTAGGAGGGCCATCAGAC	22	54.55	61.14
RRV_New_1500_8_LEFT	2	CCAGTGACGGAAGAAGGGATTG	22	54.55	61.12
RRV_New_1500_8_RIGHT	2	TTGGAATGTGAGTGGACAGCG	21	52.38	60.98
RRV_New_1500_9_LEFT	1	TCTGTGGGACGAGAACAAAACC	22	50.00	60.92
RRV_New_1500_9_RIGHT	1	ACTAAAGCTTACCGACGCATTGT	23	43.48	61.11
